{
    "$schema": "https://schema.management.azure.com/schemas/2019-04-01/deploymentParameters.json#",
    "contentVersion": "1.0.0.0",
    "parameters": {
        "appServiceName": {
            "value": "1js-wiki-bot-app-service"
        },
        "existingAppServicePlanName": {
            "value": ""
        },
        "existingAppServicePlanLocation": {
            "value": ""
        },
        "newAppServicePlanName": {
            "value": "1js-wiki-bot"
        },
        "newAppServicePlanLocation": {
            "value": "EAST US"
        },
        "newAppServicePlanSku": {
            "value": {
                "name": "S1",
                "tier": "Standard",
                "size": "S1",
                "family": "S",
                "capacity": 1
            }
        },
        "appId": {
            "value": "ad9259c3-7e3c-4bfd-bf24-041d8b979c90"
        },
        "appSecret": {
            "value": "AlekhyaAjayYalla@123"
        }
    }
}